category,n,all_four,expected,ratio,binom_p
764,299667,16,1.392190686788425e-4,1600,9.513255847871342e-76
terrorgram,113602,301,0.21440452670739965,1403.9,0
white-supremacist,328641,205,0.08261480910919049,2481.4,0
