n_features,n,prop
0,626307,0.8441819088568694
1,98334,0.13254168295345797
2,14109,0.019017131457993556
3,2638,0.0035556873475219367
4,522,7.03589384157108e-4
