test,chi_sq,df,p_value,cramers_v
theme_x_category,429675.9666893481,26,0,0.6549056197755969
